{"file_hashes":[{"block_hashes":["lq8ax6/1eqLQgFrZLC1s37pvhxfL7Hg3Uyw50haE5m0=","qYXEiJ9xoP4996qc/zDySeuiPHKIDDdHfKMimK5twDk=","W+VhYQM3ep0IeVjT70eIPQl1lhlZjv2QEZY3uZZ8ysM="],"block_size":4096,"path":"css/style.css"},{"block_hashes":["/dCnyIEkxaynMx3eXwvEpsE2P/yDZOIyc+Gmst/Bv7E="],"block_size":4096,"path":"html/login.html"},{"block_hashes":["2/2iMimLYc3fEcMYOQmossaGvD99VBWaZ/i19UMuZW0="],"block_size":4096,"path":"html/orders.html"},{"block_hashes":["JSi9NfJd/gchinXYaovWCghgCkKIIcq0Q42206I/I3I=","tL65JfkdYb+XF+6uAJhu/h/aCDHrrL3fRFtqS4Ifk+8=","vTmjME6/VzgeFUl/k83/zfcSbpepkE6tlA2wyhZGCbE=","3QTfwXGvfAkRxQa6dythz8XQyEtsuMYKQf7eKyAr9nE=","PXfZxSbeO7dXBFjb7XVoMuVXqE/KiaGYXFPQeN+YqwE="],"block_size":4096,"path":"html/privacy_policy.html"},{"block_hashes":["Ki/kNBnNFSW63yklb4RqshdzIuNqTRWO5no0tTI9GsQ="],"block_size":4096,"path":"icons/serpclix-att-128.png"},{"block_hashes":["stmqaIyqx9l34oUS8WY3VczWMIDEZ4otP5iUkdFM7ak="],"block_size":4096,"path":"icons/serpclix-att.svg"},{"block_hashes":["yaBur0tfczrVdTX7sH+YskaVRKjcjRIdfdm65c4Euao="],"block_size":4096,"path":"icons/serpclix-gs.svg"},{"block_hashes":["DruKGlzLF0tWWPOtnIGbaeiTw/8citH7oCZtViMIz2Y="],"block_size":4096,"path":"icons/serpclix.svg"},{"block_hashes":["gVzHg4YblGt10ip0+dludGJPM+TOQ9rwHAEgqiCJWM8="],"block_size":4096,"path":"js/addon/background.js"},{"block_hashes":["5yVIglHPClTGCD+KP9aHgJQzVeKdIV7TcTc1Bug6jMI="],"block_size":4096,"path":"js/addon/grabba.js"},{"block_hashes":["fpODSiNfyaghPmUGutaix+WcTQ7s7KLQ8zrjaY2XBzg="],"block_size":4096,"path":"js/addon/hc.js"},{"block_hashes":["AKPpezIbZw2WGLubT2Qk54Coox3qMsj6tFKCkRzi6Ng=","ZpWz09/nhgxGcjrjT2KUxjs1x6DOi3hV+fK07YGNB3s=","3jjYaO60DFXzx4y+AY6N8Nl2Z4TWGJNKZwFDmYzpk98=","5yCLLjD3efVah5IrJRJvcqz4RNa9x2b5vZcxLbyRzbg=","eYvNmMzF+CCsiHwvwVz2UNwtjGvM1Vst4WmeCkP9FiM="],"block_size":4096,"path":"js/addon/highlighter.js"},{"block_hashes":["xGUm+6byfqLmUSaou5iAHf3Nq3pEmoVqQF0G3QkGpE8="],"block_size":4096,"path":"js/addon/login.js"},{"block_hashes":["LO31Ak48C5DK4mvKVLL8fj+A8X1V0BL342AvsiU6lfA="],"block_size":4096,"path":"js/addon/messages.js"},{"block_hashes":["oSHcyhvfj29urv9nwjQ0axcvhpRr3deerh+jbFECxI4=","uYX1Oy+8GWOAaZs4yTN/f7WbHGVu8/8VZbxDJpGKJWA=","PI5w1N8TNVJtKQL/LhMqaYwTnnHsqecHjwtrljYFerE=","bn6XuPA14wyceQyS8FmMc2FydvVAhy4hUIASl8Qq60M=","G8PNqHm/TmxAu9RNrqpq0SmRR+9opETRd8htjmmtadA=","oOog+g7sl8+9224kv7VMQrAAnt+hZu+n2erTQvIhFA0="],"block_size":4096,"path":"js/addon/orders.js"},{"block_hashes":["HOIPOquua6bgYn5Tx4JgFJcDx8L71W74ho8+X4P1VFI="],"block_size":4096,"path":"js/addon/settings.js"},{"block_hashes":["hiTFL4ly6OmfDhwNhRjY388dKTS6yB6HCGGwD0qW/tU="],"block_size":4096,"path":"js/addon/templates/hc.js"},{"block_hashes":["6LIva4FbRpECCK9jQSshH1qyK4W5ZXzm3agmgzsw6FE="],"block_size":4096,"path":"js/addon/templates/login.js"},{"block_hashes":["8ZLZfHpAB3u8rxfAwG7o/miF2ly9LElQVADNZQE3CCo="],"block_size":4096,"path":"js/addon/templates/messages.js"},{"block_hashes":["J7KQ6OpHwQJkAcPbIWUth8Epyp/+cPjTORamHHtwJ9k=","5IcZ7mKsjtL7IdT4y0FGVHnIwQU0lRwxeVbyDV9+8bc="],"block_size":4096,"path":"js/addon/templates/orders.js"},{"block_hashes":["ISpD0L/H55pmtPEiDP+df5BkfQd7iUSroFDgpQ42CcA=","Gvz26mL68pvSvrw9EgFkZW6xJjwG5ePfLBxZJl8DZpI=","VxqztRAV18lQg6zVmglAm646X9FxL0SLByCGFtQ5SmI="],"block_size":4096,"path":"js/vendor/browser-polyfill.min.js"},{"block_hashes":["J9IhvkIJb0diRVJOyu+Ndtg41RibFkF8eaA60jdjtB8="],"block_size":4096,"path":"js/vendor/md5.min.js"},{"block_hashes":["vY5XrfAq5nTCdtHcfuL5Ch0ew6FYB7aQHeH6t5q2T+Q=","RhFin9LoBEwPCENI+4EOuz0BZqos+iNH17gcOKzewK4=","IUgPD80SoQE5DpXb4ZNAK1XEPaO5b5oXLXapA1c5xoM=","mS/fMvXMbZnpU3brsNObQ/Ndg/eMyU2fivWq0dzZyzM=","/3w7w2fHkYxlOTo9aAUfgUhqCTfq5qzgUtinXfvBERk=","K0PoFNHR8lUeA+Fqi/aHrQwspY4AeKXF93r3TOrMXcI=","XKA9RY02qRnS6mV0xhPehTPaoQKBSSeH+3sQKSRXfQE=","23lcxJp/7ClDrsEpUHxcTfRof1tAvrSBmXlgi7whUv0=","xp2hpASwRZ+rRbGZ6hugeKYLy3tuX5XtQzV45KRKSJs=","6To4WeIkDJQ7tXPM9RjMmqPNK0hyJXhLlGinnZNdytE=","Q/ciYslfRFJfNAuL4LobLluzQ9siry4JMnrRP6zKAeM=","T2ggHkEJRmLnYNIBIx6ukT2M12eWwSQd/JGq23y3FtE=","2oD5bU6LN6jYd1NG5WKHxd+K+wRvYH9IYCH5A950VZI=","V1OJRPrCjUt1AM+PU24HHa4D6JZlISjcNwqfnm0+jqk=","MoGK1Li6SQkEAJwKxFjO+OfEPAHCN/VSoZ0cTlOLA+4=","Glhxhb1V7tKmpNWmISc/5ehG/QdAgntc+KE8vqTuD1A="],"block_size":4096,"path":"js/vendor/vue.runtime.min.js"},{"block_hashes":["CUjmR20fyEIH8pNyws76qMIAVvioFUgaf8cbA9ZlhNA=","Eao9AwBO/HreSMn974uoz+Ea5Fr95WDNuTKjkQxUVfU="],"block_size":4096,"path":"sounds/bell.ogg"}],"version":2}